Workbook

Sheet Participation
A1: Teacher | I1: Subject: | K1: Group:
A2: Cls | B2: Seat | C2: ID | D2: Chinese Name | E2: First Name | F2: Last Name | G2: Helpfulness | H2: Reminders | I2: (Type for more) | J2: (Type for more) | K2: (Type for more) | L2: Average
A3: J1F | B3: 1 | C3: 1140228 | D3: 王靖慈 | E3: Jamie | F3: Wang | L3: =AVERAGE(G3:K3)
A4: J1F | B4: 2 | C4: 1140229 | D4: 朱婕語 | E4: Lilian | F4: Chu | L4: =AVERAGE(G4:K4)
A5: J1F | B5: 8 | C5: 1140235 | D5: 張心妮 | E5: NiNi | F5: Chang | L5: =AVERAGE(G5:K5)
A6: J1F | B6: 9 | C6: 1140236 | D6: 張芷婧 | E6: Bomi | F6: Chang | L6: =AVERAGE(G6:K6)
A7: J1F | B7: 11 | C7: 1140238 | D7: 陳玉瑄 | E7: Ann | F7: Chen | L7: =AVERAGE(G7:K7)
A8: J1F | B8: 25 | C8: 1140252 | D8: 吳益凡 | E8: Oscar | F8: Wu | L8: =AVERAGE(G8:K8)
A9: J1F | B9: 26 | C9: 1140253 | D9: 李建柚 | E9: Armani | F9: Li | L9: =AVERAGE(G9:K9)
A10: J1F | B10: 32 | C10: 1140259 | D10: 商駿洧 | E10: Sean | F10: Shang | L10: =AVERAGE(G10:K10)
A11: J1F | B11: 36 | C11: 1140263 | D11: 許睿恩 | E11: Ryan | F11: Hsu | L11: =AVERAGE(G11:K11)
A12: J1F | B12: 44 | C12: 1140271 | D12: 蘇煥鈞 | E12: Ian | F12: Su | L12: =AVERAGE(G12:K12)
A13: J1G | B13: 3 | C13: 1140274 | D13: 余玟緹 | E13: Wenti | F13: #N/A | L13: =AVERAGE(G13:K13)
A14: J1G | B14: 20 | C14: 1140291 | D14: 賴盈霈 | E14: Sarah | F14: #N/A | L14: =AVERAGE(G14:K14)
A15: J1G | B15: 23 | C15: 1140294 | D15: 吳韶桓 | E15: Adam | F15: WU | L15: =AVERAGE(G15:K15)
A16: J1G | B16: 27 | C16: 1140298 | D16: 林志禹 | E16: Ian | F16: Su | L16: =AVERAGE(G16:K16)
A17: J1G | B17: 34 | C17: 1140305 | D17: 柯震昂 | E17: Leon | F17: Ko | L17: =AVERAGE(G17:K17)
A18: J1G | B18: 41 | C18: 1140312 | D18: 温吳竣瑋 | E18: Kevin | F18: #N/A | L18: =AVERAGE(G18:K18)
A19: J1G | B19: 43 | C19: 1140314 | D19: 黃子齊 | E19: Edmond | F19: Huang | L19: =AVERAGE(G19:K19)
L20: =AVERAGE(G20:K20)
L21: =AVERAGE(G21:K21)
L22: =AVERAGE(G22:K22)
L23: =AVERAGE(G23:K23)
L24: =AVERAGE(G24:K24)
L25: =AVERAGE(G25:K25)
L26: =AVERAGE(G26:K26)
L27: =AVERAGE(G27:K27)
L28: =AVERAGE(G28:K28)
L29: =AVERAGE(G29:K29)
L30: =AVERAGE(G30:K30)
L31: =AVERAGE(G31:K31)
... L35: =AVERAGE(G35:K35)

Sheet Homework
A1: =Participation!$A$1 | M1: =Participation!$I$1 | P1: =Participation!$K$1
A2: Cls | B2: Seat | C2: ID | D2: Chinese Name | E2: First Name | F2: Last Name | G2: Homework1 | H2: Homework2 | I2: Homework3 | J2: Homework4 | K2: Homework5 | L2: Homework6 | M2: Homework7 | N2: Homework8 | O2: Homework9 | P2: Homework10 | Q2: Average
A3: =Participation!A3 | B3: =Participation!B3 | C3: =Participation!C3 | D3: =Participation!D3 | E3: =Participation!E3 | F3: =Participation!F3 | Q3: =AVERAGE(G3:P3)
A4: =Participation!A4 | B4: =Participation!B4 | C4: =Participation!C4 | D4: =Participation!D4 | E4: =Participation!E4 | F4: =Participation!F4 | Q4: =AVERAGE(G4:P4)
A5: =Participation!A5 | B5: =Participation!B5 | C5: =Participation!C5 | D5: =Participation!D5 | E5: =Participation!E5 | F5: =Participation!F5 | Q5: =AVERAGE(G5:P5)
A6: =Participation!A6 | B6: =Participation!B6 | C6: =Participation!C6 | D6: =Participation!D6 | E6: =Participation!E6 | F6: =Participation!F6 | Q6: =AVERAGE(G6:P6)
A7: =Participation!A7 | B7: =Participation!B7 | C7: =Participation!C7 | D7: =Participation!D7 | E7: =Participation!E7 | F7: =Participation!F7 | Q7: =AVERAGE(G7:P7)
A8: =Participation!A8 | B8: =Participation!B8 | C8: =Participation!C8 | D8: =Participation!D8 | E8: =Participation!E8 | F8: =Participation!F8 | Q8: =AVERAGE(G8:P8)
A9: =Participation!A9 | B9: =Participation!B9 | C9: =Participation!C9 | D9: =Participation!D9 | E9: =Participation!E9 | F9: =Participation!F9 | Q9: =AVERAGE(G9:P9)
A10: =Participation!A10 | B10: =Participation!B10 | C10: =Participation!C10 | D10: =Participation!D10 | E10: =Participation!E10 | F10: =Participation!F10 | Q10: =AVERAGE(G10:P10)
A11: =Participation!A11 | B11: =Participation!B11 | C11: =Participation!C11 | D11: =Participation!D11 | E11: =Participation!E11 | F11: =Participation!F11 | Q11: =AVERAGE(G11:P11)
A12: =Participation!A12 | B12: =Participation!B12 | C12: =Participation!C12 | D12: =Participation!D12 | E12: =Participation!E12 | F12: =Participation!F12 | Q12: =AVERAGE(G12:P12)
A13: =Participation!A13 | B13: =Participation!B13 | C13: =Participation!C13 | D13: =Participation!D13 | E13: =Participation!E13 | F13: =Participation!F13 | Q13: =AVERAGE(G13:P13)
A14: =Participation!A14 | B14: =Participation!B14 | C14: =Participation!C14 | D14: =Participation!D14 | E14: =Participation!E14 | F14: =Participation!F14 | Q14: =AVERAGE(G14:P14)
... A35: =Participation!A35 | B35: =Participation!B35 | C35: =Participation!C35 | D35: =Participation!D35 | E35: =Participation!E35 | F35: =Participation!F35 | Q35: =AVERAGE(G35:P35)

Sheet Quizzes
A1: =Participation!$A$1 | I1: =Participation!$I$1 | K1: =Participation!$K$1
A2: Cls | B2: Seat | C2: ID | D2: Chinese Name | E2: First Name | F2: Last Name | G2: Official Quiz 1 | H2: Official Quiz 2 | I2: (Type for more) | J2: (Type for more) | K2: (Type for more) | L2: Average
A3: =Participation!A3 | B3: =Participation!B3 | C3: =Participation!C3 | D3: =Participation!D3 | E3: =Participation!E3 | F3: =Participation!F3 | L3: =AVERAGE(G3:K3)
A4: =Participation!A4 | B4: =Participation!B4 | C4: =Participation!C4 | D4: =Participation!D4 | E4: =Participation!E4 | F4: =Participation!F4 | L4: =AVERAGE(G4:K4)
A5: =Participation!A5 | B5: =Participation!B5 | C5: =Participation!C5 | D5: =Participation!D5 | E5: =Participation!E5 | F5: =Participation!F5 | L5: =AVERAGE(G5:K5)
A6: =Participation!A6 | B6: =Participation!B6 | C6: =Participation!C6 | D6: =Participation!D6 | E6: =Participation!E6 | F6: =Participation!F6 | L6: =AVERAGE(G6:K6)
A7: =Participation!A7 | B7: =Participation!B7 | C7: =Participation!C7 | D7: =Participation!D7 | E7: =Participation!E7 | F7: =Participation!F7 | L7: =AVERAGE(G7:K7)
A8: =Participation!A8 | B8: =Participation!B8 | C8: =Participation!C8 | D8: =Participation!D8 | E8: =Participation!E8 | F8: =Participation!F8 | L8: =AVERAGE(G8:K8)
A9: =Participation!A9 | B9: =Participation!B9 | C9: =Participation!C9 | D9: =Participation!D9 | E9: =Participation!E9 | F9: =Participation!F9 | L9: =AVERAGE(G9:K9)
A10: =Participation!A10 | B10: =Participation!B10 | C10: =Participation!C10 | D10: =Participation!D10 | E10: =Participation!E10 | F10: =Participation!F10 | L10: =AVERAGE(G10:K10)
A11: =Participation!A11 | B11: =Participation!B11 | C11: =Participation!C11 | D11: =Participation!D11 | E11: =Participation!E11 | F11: =Participation!F11 | L11: =AVERAGE(G11:K11)
A12: =Participation!A12 | B12: =Participation!B12 | C12: =Participation!C12 | D12: =Participation!D12 | E12: =Participation!E12 | F12: =Participation!F12 | L12: =AVERAGE(G12:K12)
A13: =Participation!A13 | B13: =Participation!B13 | C13: =Participation!C13 | D13: =Participation!D13 | E13: =Participation!E13 | F13: =Participation!F13 | L13: =AVERAGE(G13:K13)
A14: =Participation!A14 | B14: =Participation!B14 | C14: =Participation!C14 | D14: =Participation!D14 | E14: =Participation!E14 | F14: =Participation!F14 | L14: =AVERAGE(G14:K14)
... A35: =Participation!A35 | B35: =Participation!B35 | C35: =Participation!C35 | D35: =Participation!D35 | E35: =Participation!E35 | F35: =Participation!F35 | L35: =AVERAGE(G35:K35)

Sheet Classwork
A1: =Participation!$A$1 | M1: =Participation!$I$1 | P1: =Participation!$K$1
A2: Cls | B2: Seat | C2: ID | D2: Chinese Name | E2: First Name | F2: Last Name | G2: Classwork 1 | H2: Classwork 2 | I2: Classwork 3 | J2: Classwork 4 | K2: Classwork 5 | L2: Classwork 6 | M2: Classwork 7 | N2: Classwork 8 | O2: Classwork 9 | P2: Classwork 10 | Q2: Average
A3: =Participation!A3 | B3: =Participation!B3 | C3: =Participation!C3 | D3: =Participation!D3 | E3: =Participation!E3 | F3: =Participation!F3 | Q3: =AVERAGE(G3:P3)
A4: =Participation!A4 | B4: =Participation!B4 | C4: =Participation!C4 | D4: =Participation!D4 | E4: =Participation!E4 | F4: =Participation!F4 | Q4: =AVERAGE(G4:P4)
A5: =Participation!A5 | B5: =Participation!B5 | C5: =Participation!C5 | D5: =Participation!D5 | E5: =Participation!E5 | F5: =Participation!F5 | Q5: =AVERAGE(G5:P5)
A6: =Participation!A6 | B6: =Participation!B6 | C6: =Participation!C6 | D6: =Participation!D6 | E6: =Participation!E6 | F6: =Participation!F6 | Q6: =AVERAGE(G6:P6)
A7: =Participation!A7 | B7: =Participation!B7 | C7: =Participation!C7 | D7: =Participation!D7 | E7: =Participation!E7 | F7: =Participation!F7 | Q7: =AVERAGE(G7:P7)
A8: =Participation!A8 | B8: =Participation!B8 | C8: =Participation!C8 | D8: =Participation!D8 | E8: =Participation!E8 | F8: =Participation!F8 | Q8: =AVERAGE(G8:P8)
A9: =Participation!A9 | B9: =Participation!B9 | C9: =Participation!C9 | D9: =Participation!D9 | E9: =Participation!E9 | F9: =Participation!F9 | Q9: =AVERAGE(G9:P9)
A10: =Participation!A10 | B10: =Participation!B10 | C10: =Participation!C10 | D10: =Participation!D10 | E10: =Participation!E10 | F10: =Participation!F10 | Q10: =AVERAGE(G10:P10)
A11: =Participation!A11 | B11: =Participation!B11 | C11: =Participation!C11 | D11: =Participation!D11 | E11: =Participation!E11 | F11: =Participation!F11 | Q11: =AVERAGE(G11:P11)
A12: =Participation!A12 | B12: =Participation!B12 | C12: =Participation!C12 | D12: =Participation!D12 | E12: =Participation!E12 | F12: =Participation!F12 | Q12: =AVERAGE(G12:P12)
A13: =Participation!A13 | B13: =Participation!B13 | C13: =Participation!C13 | D13: =Participation!D13 | E13: =Participation!E13 | F13: =Participation!F13 | Q13: =AVERAGE(G13:P13)
A14: =Participation!A14 | B14: =Participation!B14 | C14: =Participation!C14 | D14: =Participation!D14 | E14: =Participation!E14 | F14: =Participation!F14 | Q14: =AVERAGE(G14:P14)
... A35: =Participation!A35 | B35: =Participation!B35 | C35: =Participation!C35 | D35: =Participation!D35 | E35: =Participation!E35 | F35: =Participation!F35 | Q35: =AVERAGE(G35:P35)

Sheet GPA
A1: =Participation!$A$1 | J1: =Participation!$I$1 | M1: =Participation!$K$1
A2: Cls | B2: Seat | C2: ID | D2: Chinese Name | E2: First Name | F2: Last Name | G2: Participation | H2: Homework | I2: Quizzes | J2: Classwork | K2: PHQC Average | L2: Exam | M2: Term Score | N2: Teacher's Name
A3: =Participation!A3 | B3: =Participation!B3 | C3: =Participation!C3 | D3: =Participation!D3 | E3: =Participation!E3 | F3: =Participation!F3 | G3: =Participation!L3 | H3: =Homework!Q3 | I3: =Quizzes!L3 | J3: =Classwork!Q3 | K3: =$G3*0.2+$H3*0.3+$I3*0.3+$J3*0.2 | M3: =(K3*0.4)+(L3*0.6) | N3: =Participation!$A$1
A4: =Participation!A4 | B4: =Participation!B4 | C4: =Participation!C4 | D4: =Participation!D4 | E4: =Participation!E4 | F4: =Participation!F4 | G4: =Participation!L4 | H4: =Homework!Q4 | I4: =Quizzes!L4 | J4: =Classwork!Q4 | K4: =$G4*0.2+$H4*0.3+$I4*0.3+$J4*0.2 | M4: =(K4*0.4)+(L4*0.6) | N4: =Participation!$A$1
A5: =Participation!A5 | B5: =Participation!B5 | C5: =Participation!C5 | D5: =Participation!D5 | E5: =Participation!E5 | F5: =Participation!F5 | G5: =Participation!L5 | H5: =Homework!Q5 | I5: =Quizzes!L5 | J5: =Classwork!Q5 | K5: =$G5*0.2+$H5*0.3+$I5*0.3+$J5*0.2 | M5: =(K5*0.4)+(L5*0.6) | N5: =Participation!$A$1
A6: =Participation!A6 | B6: =Participation!B6 | C6: =Participation!C6 | D6: =Participation!D6 | E6: =Participation!E6 | F6: =Participation!F6 | G6: =Participation!L6 | H6: =Homework!Q6 | I6: =Quizzes!L6 | J6: =Classwork!Q6 | K6: =$G6*0.2+$H6*0.3+$I6*0.3+$J6*0.2 | M6: =(K6*0.4)+(L6*0.6) | N6: =Participation!$A$1
A7: =Participation!A7 | B7: =Participation!B7 | C7: =Participation!C7 | D7: =Participation!D7 | E7: =Participation!E7 | F7: =Participation!F7 | G7: =Participation!L7 | H7: =Homework!Q7 | I7: =Quizzes!L7 | J7: =Classwork!Q7 | K7: =$G7*0.2+$H7*0.3+$I7*0.3+$J7*0.2 | M7: =(K7*0.4)+(L7*0.6) | N7: =Participation!$A$1
A8: =Participation!A8 | B8: =Participation!B8 | C8: =Participation!C8 | D8: =Participation!D8 | E8: =Participation!E8 | F8: =Participation!F8 | G8: =Participation!L8 | H8: =Homework!Q8 | I8: =Quizzes!L8 | J8: =Classwork!Q8 | K8: =$G8*0.2+$H8*0.3+$I8*0.3+$J8*0.2 | M8: =(K8*0.4)+(L8*0.6) | N8: =Participation!$A$1
A9: =Participation!A9 | B9: =Participation!B9 | C9: =Participation!C9 | D9: =Participation!D9 | E9: =Participation!E9 | F9: =Participation!F9 | G9: =Participation!L9 | H9: =Homework!Q9 | I9: =Quizzes!L9 | J9: =Classwork!Q9 | K9: =$G9*0.2+$H9*0.3+$I9*0.3+$J9*0.2 | M9: =(K9*0.4)+(L9*0.6) | N9: =Participation!$A$1
A10: =Participation!A10 | B10: =Participation!B10 | C10: =Participation!C10 | D10: =Participation!D10 | E10: =Participation!E10 | F10: =Participation!F10 | G10: =Participation!L10 | H10: =Homework!Q10 | I10: =Quizzes!L10 | J10: =Classwork!Q10 | K10: =$G10*0.2+$H10*0.3+$I10*0.3+$J10*0.2 | M10: =(K10*0.4)+(L10*0.6) | N10: =Participation!$A$1
A11: =Participation!A11 | B11: =Participation!B11 | C11: =Participation!C11 | D11: =Participation!D11 | E11: =Participation!E11 | F11: =Participation!F11 | G11: =Participation!L11 | H11: =Homework!Q11 | I11: =Quizzes!L11 | J11: =Classwork!Q11 | K11: =$G11*0.2+$H11*0.3+$I11*0.3+$J11*0.2 | M11: =(K11*0.4)+(L11*0.6) | N11: =Participation!$A$1
A12: =Participation!A12 | B12: =Participation!B12 | C12: =Participation!C12 | D12: =Participation!D12 | E12: =Participation!E12 | F12: =Participation!F12 | G12: =Participation!L12 | H12: =Homework!Q12 | I12: =Quizzes!L12 | J12: =Classwork!Q12 | K12: =$G12*0.2+$H12*0.3+$I12*0.3+$J12*0.2 | M12: =(K12*0.4)+(L12*0.6) | N12: =Participation!$A$1
A13: =Participation!A13 | B13: =Participation!B13 | C13: =Participation!C13 | D13: =Participation!D13 | E13: =Participation!E13 | F13: =Participation!F13 | G13: =Participation!L13 | H13: =Homework!Q13 | I13: =Quizzes!L13 | J13: =Classwork!Q13 | K13: =$G13*0.2+$H13*0.3+$I13*0.3+$J13*0.2 | M13: =(K13*0.4)+(L13*0.6) | N13: =Participation!$A$1
A14: =Participation!A14 | B14: =Participation!B14 | C14: =Participation!C14 | D14: =Participation!D14 | E14: =Participation!E14 | F14: =Participation!F14 | G14: =Participation!L14 | H14: =Homework!Q14 | I14: =Quizzes!L14 | J14: =Classwork!Q14 | K14: =$G14*0.2+$H14*0.3+$I14*0.3+$J14*0.2 | M14: =(K14*0.4)+(L14*0.6) | N14: =Participation!$A$1
... A35: =Participation!A35 | B35: =Participation!B35 | C35: =Participation!C35 | D35: =Participation!D35 | E35: =Participation!E35 | F35: =Participation!F35 | G35: =Participation!L35 | H35: =Homework!Q35 | I35: =Quizzes!L35 | J35: =Classwork!Q35 | K35: =$G35*0.2+$H35*0.3+$I35*0.3+$J35*0.2 | M35: =(K35*0.4)+(L35*0.6) | N35: =Participation!$A$1
